9259497,Critical error: cannot access local variable 're' where it is not associated with a value
9259495,Critical error: cannot access local variable 're' where it is not associated with a value
9258663,Critical error: cannot access local variable 're' where it is not associated with a value
9258661,Critical error: cannot access local variable 're' where it is not associated with a value
9258658,Critical error: cannot access local variable 're' where it is not associated with a value
2179509,Could not extract text from PDF
2179492,Could not extract text from PDF
2179467,Could not extract text from PDF
2179466,Could not extract text from PDF
9314116,Could not extract text from PDF
9314078,Could not extract text from PDF
9314072,Could not extract text from PDF
9314058,Could not extract text from PDF
9312056,Could not extract text from PDF
2178125,Could not extract text from PDF
2176923,Could not extract text from PDF
2176795,Could not extract text from PDF
2175968,Could not extract text from PDF
2175968,Could not extract text from PDF
2175620,Could not extract text from PDF
2175493,Could not extract text from PDF
9282104,Could not extract text from PDF
2175416,Could not extract text from PDF
2175413,Could not extract text from PDF
2175968,Could not extract text from PDF
2175968,Could not extract text from PDF
2175968,Could not extract text from PDF
2175620,Could not extract text from PDF
2175493,Could not extract text from PDF
9282104,Could not extract text from PDF
2175416,Could not extract text from PDF
2175413,Could not extract text from PDF
9280885,Could not extract text from PDF
9276045,Could not extract text from PDF
9276035,Could not extract text from PDF
9273011,Could not extract text from PDF
2173693,Could not extract text from PDF
2171824,Could not extract text from PDF
2171824,Could not extract text from PDF
2171824,Could not extract text from PDF
9251832,Could not extract text from PDF
9251822,Could not extract text from PDF
9242714,Could not extract text from PDF
2170190,Could not extract text from PDF
2169148,Could not extract text from PDF
9230571,Could not extract text from PDF
9230565,Could not extract text from PDF
9228563,Could not extract text from PDF
9228387,Could not extract text from PDF
9219059,Could not extract text from PDF
2167620,Could not extract text from PDF
2167618,Could not extract text from PDF
2167606,Could not extract text from PDF
9216448,Could not extract text from PDF
9216382,Could not extract text from PDF
2167283,Could not extract text from PDF
2167281,Could not extract text from PDF
2167278,Could not extract text from PDF
2167269,Could not extract text from PDF
2167268,Could not extract text from PDF
2167120,Could not extract text from PDF
2167117,Could not extract text from PDF
2167116,Could not extract text from PDF
2167110,Could not extract text from PDF
2167106,Could not extract text from PDF
2167103,Could not extract text from PDF
2167102,Could not extract text from PDF
2166080,Could not extract text from PDF
2166079,Could not extract text from PDF
2166078,Could not extract text from PDF
2166074,Could not extract text from PDF
2165940,Could not extract text from PDF
2165937,Could not extract text from PDF
2165933,Could not extract text from PDF
2165932,Could not extract text from PDF
2165931,Could not extract text from PDF
2165930,Could not extract text from PDF
2165929,Could not extract text from PDF
2165928,Could not extract text from PDF
2165927,Could not extract text from PDF
9204131,Could not extract text from PDF
9201104,Could not extract text from PDF
9201090,Could not extract text from PDF
9200549,Could not extract text from PDF
2164334,Could not extract text from PDF
2164330,Could not extract text from PDF
2166080,Could not extract text from PDF
2166079,Could not extract text from PDF
2166078,Could not extract text from PDF
2166074,Could not extract text from PDF
2165940,Could not extract text from PDF
2165937,Could not extract text from PDF
2165933,Could not extract text from PDF
2165932,Could not extract text from PDF
2165931,Could not extract text from PDF
2165930,Could not extract text from PDF
2165929,Could not extract text from PDF
2165928,Could not extract text from PDF
2165927,Could not extract text from PDF
9204131,Could not extract text from PDF
9201104,Could not extract text from PDF
9201090,Could not extract text from PDF
9200549,Could not extract text from PDF
2164334,Could not extract text from PDF
2164330,Could not extract text from PDF
2161108,Could not extract text from PDF
2161102,Could not extract text from PDF
2190717,Could not extract text from PDF
2173693,Could not extract text from PDF
2170190,Could not extract text from PDF
2166080,Could not extract text from PDF
2166079,Could not extract text from PDF
2161102,Could not extract text from PDF
9330127,Could not extract text from PDF
8461903,Could not extract text from PDF
8461903,Could not extract text from PDF
8224923,Could not extract text from PDF
